<?xml version="1.0" encoding="UTF-8" ?>
<!DOCTYPE configuration
  PUBLIC "-//mybatis.org//DTD Config 3.0//EN"
  "http://mybatis.org/dtd/mybatis-3-config.dtd">
  
  <configuration>
  
  <typeAliases>
  <typeAlias type="myapp.mybatis.modalclass.accountRequest" alias="AEReq"/>
<!--   <typeAlias type="myapp.mybatis.modalclass.registerdInfo" alias="RegisterInfo"/>
 -->  
  </typeAliases>
  
  <environments default="development">
	  <environment id="acreq">
		  <transactionManager type="JDBC"/>
			  <dataSource type="POOLED">
               <property name = "driver" value = "oracle.jdbc.OracleDriver"/>
               <property name = "url" value = "jdbc:oracle:thin:@pgstrng1-01.oracle.db.principal.com:15080/pgstrng1"/>
               <property name = "username" value = "id"/>
               <property name = "password" value = "password"/>
			  </dataSource>
	  </environment>
	  
	 
	  
  </environments>
  
  <mappers>
  	<mapper resource="myapp/mybatis/dao/AcReqMapper.xml" />
<!--   	<mapper resource="myapp/mybatis/dao/RegisteredInfo.xml"/>
 -->  </mappers>
  
  </configuration>