<beans xmlns="http://www.springframework.org/schema/beans"
	 xmlns:mvc="http://www.springframework.org/schema/mvc"
     xmlns:xsi="http://www.w3.org/2001/XMLSchema-instance"
     xmlns:context="http://www.springframework.org/schema/context"
     xsi:schemaLocation="http://www.springframework.org/schema/beans
     http://www.springframework.org/schema/beans/spring-beans-4.1.xsd
     http://www.springframework.org/schema/context
     http://www.springframework.org/schema/context/spring-context-4.1.xsd
     http://www.springframework.org/schema/mvc
        http://www.springframework.org/schema/mvc/spring-mvc-4.1.xsd">
		<!-- <mvc:annotation-driven/> -->
	<context:component-scan base-package="bankApp" />
	<context:component-scan base-package="myapp.mybatis.modalclass" />
	<context:component-scan base-package="myapp.mybatis.dao" />
	<context:component-scan base-package="myapp.mybatis.util" />
	
	<bean id="viewResolver"
		class="org.springframework.web.servlet.view.InternalResourceViewResolver">
	
		<property name="prefix">
			<value>/WEB-INF/view/</value>
		</property>
		<property name="suffix">
			<value>.jsp</value>
		</property>
	</bean>
	
	<!-- <bean id="myDataSource"
		class="org.springframework.jdbc.datasource.DriverManagerDataSource">
		<property name = "driver" value = "oracle.jdbc.OracleDriver"/>
               <property name = "url" value = "jdbc:oracle:thin:@pgstrng1-01.oracle.db.principal.com:15080/pgstrng1"/>
               <property name = "username" value = "D084975"/>
               <property name = "password" value = "Randompass@2020"/>
	</bean> 

	  <bean id="jdbcTemplate" class="org.springframework.jdbc.core.JdbcTemplate">
		<property name="dataSource" ref="myDataSource"/>
	</bean> 
	
	 <bean id="dao" class="myapp.m">    
		 <property name="jdbcTemplate" ref="jdbcTemplate" />    
	</bean>
 -->	
</beans>
