<?xml version="1.0" encoding="UTF-8" ?>
<!DOCTYPE mapper
  PUBLIC "-//mybatis.org//DTD Mapper 3.0//EN"
  "http://mybatis.org/dtd/mybatis-3-mapper.dtd">
  
  <mapper namespace="myapp.mybatis.dao.AcReqMapper">
  
 <resultMap type="AEReq" id="result">
  <id property="id" column="Application_id"/>
	  <result property="status" column="status" />
	  <result property="branch" column="branch" />
	  <result property="actype" column="AccountType" />
	  <result property="tit" column="Title" />
	  <result property="fname" column="Firstname" />
	  <result property="lname" column="Lastname" />
	  <result property="dob" column="DOB" />
	  <result property="phone" column="Phone" />
	  <result property="addrl" column="Address" />
	  <result property="state" column="State" />
	  <result property="mail" column="Email" />
	  <result property="acno" column="Account_Number" />
  </resultMap>
  
  <resultMap type="AEReq" id="users">
<result property="login_id" column="login_id"/>
<result property="password" column="password"/>
<result property="role" column="role" />  
  </resultMap> 
  
<resultMap type="AEReq" id="transactions">
<result property="tranid" column="transactionid"/>
<result property="transdate" column="transactiondate"/>
<result property="accountid" column="accountid" />  
<result property="amount" column="amount"/>
<result property="checkno" column="chequeno" />  
<result property="trantype" column="transactiontype" />  
  </resultMap> 
  
 
  <select id="getAID" resultType="AEReq" resultMap="result">
  SELECT * FROM RegisterdInfo 
  WHERE phone=#{password}
  </select> 
  
  
  
  <select id="getAc" resultType="AEReq" resultMap="result"  >
  SELECT * FROM AccountRequest where status='Entered'
  </select>
  
  <select id="getRole" resultType="AEReq" resultMap="users">
  SELECT * FROM USERS
  WHERE password=#{password} and login_id=#{login_id}
  </select>
  
  <select id="getTran" resultType="AEReq" resultMap="transactions">
  SELECT * FROM TRANSACTIONS
  WHERE accountid=#{code} AND transactiondate between #{startdate} AND #{enddate}
  </select>
  
  <insert id="insertTran" parameterType="AEReq">
  INSERT INTO TRANSACTIONS(transactiondate,accountid,chequeno,amount,transactiontype)
  VALUES (SYSDATE,#{accountid},#{checkno},#{amount},#{trantype})
  </insert>
  
  
  <insert id="insertAc" parameterType="AEReq" >
 
   INSERT INTO AccountRequest(AccountType,branch,Title,Firstname,Lastname,DOB,Phone,Address,State,Email,Account_Number,Status)
 VALUES (#{actype},#{branch},#{tit},#{fname},#{lname},#{dob},#{phone},#{addrl},#{state},#{mail},'Entered','Entered')
  
  </insert>
  
 <update id="InsertUsers" parameterType="AEReq">
  insert into users(login_id,password,role) values(#{lname},#{phone},'cust')
  </update> 
  
 <delete id="deleteAc" parameterType="int" >
 DELETE FROM AccountRequest WHERE Application_id = #{custId}
 </delete>
 
 <select id="getID" parameterType="AEReq" resultMap="result">
 SELECT * from AccountRequest WHERE Email=#{mailID}
 </select>
 
 <select id="findBy" parameterType="int" resultType="AEReq" resultMap="result"  >
 SELECT * FROM AccountRequest 
 WHERE	Application_id = #{custId}
 </select>
  
  
  <select id="track" parameterType="int" resultType="AEReq" resultMap="result">
  SELECT * FROM AccountRequest WHERE Application_id = #{custId} 
  </select>
 
   <select id="getTrack" parameterType="int" resultType="AEReq" resultMap="result">
  SELECT * FROM AccountRequest WHERE Application_id = #{id} 
  </select>
 
 
 <select id="approveReqs" parameterType="int" resultType="AEReq" resultMap="result">
 SELECT * FROM RegisterdInfo
 </select>
 
 
  <update id="approve" parameterType="int">
  update AccountRequest set status='approved',
   account_number=CASE 
   WHEN AccountType='Savings'
   THEN 'SA' || LPAD(TRUNC(DBMS_RANDOM.VALUE(0,9999999)),8,'0')
   WHEN AccountType='Current'
    THEN 'CU' || LPAD(TRUNC(DBMS_RANDOM.VALUE(0,9999999)),8,'0')
    END
   where Application_id=#{custId}
  </update>
  
  <update id="reject" parameterType="int">
    update AccountRequest set status='rejected'
   where Application_id=#{custId}
  
  </update>
  
  <insert id="RegisteredInfo" parameterType="AEReq" >
  insert into RegisterdInfo(application_id,title,firstname,lastname,branch,dob,phone,address,state,email,account_number,status,accounttype)
  values (#{id},#{tit},#{fname},#{lname},#{branch},#{dob},#{phone},#{addrl},#{state},#{mail},#{acno},#{status},#{actype})
   </insert>




<select id="getCust" resultType="AEReq" resultMap="result">
SELECT * FROM RegisterdInfo 
WHERE lastname=#{lname} AND phone=#{phone}
</select>
  
  

  
  
  
  </mapper>